periodo,modelo,n,split,RMSE,MAE,MAPE(%)
2019 (calmo),Persistencia,3,test,1.2605944871902466,0.9381685853004456,1.0598924160003662
2019 (calmo),Denso-A,3,train,8.50485897064209,6.694007873535156,14.76248836517334
2019 (calmo),Denso-A,3,dev,3.358550548553467,2.7260100841522217,3.3722286224365234
2019 (calmo),Denso-A,3,test,2.9021201133728027,2.5175814628601074,2.765115976333618
2019 (calmo),Denso-B,3,train,1.5386803150177002,1.1741268634796143,2.029968500137329
2019 (calmo),Denso-B,3,dev,3.0688283443450928,2.522385358810425,3.1062228679656982
2019 (calmo),Denso-B,3,test,2.1651217937469482,1.8602159023284912,2.063159942626953
2019 (calmo),Denso-C,3,train,1.9226529598236084,1.6731151342391968,3.383798599243164
2019 (calmo),Denso-C,3,dev,3.1197216510772705,2.4955010414123535,3.0846190452575684
2019 (calmo),Denso-C,3,test,1.4565731287002563,1.113266944885254,1.2545244693756104
2019 (calmo),Persistencia,7,test,1.2605944871902466,0.9381685853004456,1.0598924160003662
2019 (calmo),Denso-A,7,train,2.7513434886932373,2.345918893814087,4.549213409423828
2019 (calmo),Denso-A,7,dev,5.056031703948975,4.148983001708984,5.179189205169678
2019 (calmo),Denso-A,7,test,2.602449893951416,2.056062698364258,2.286809206008911
2019 (calmo),Denso-B,7,train,2.3083889484405518,1.968144178390503,3.684774398803711
2019 (calmo),Denso-B,7,dev,3.344090223312378,2.7773454189300537,3.4300878047943115
2019 (calmo),Denso-B,7,test,2.7555553913116455,2.4232213497161865,2.6771020889282227
2019 (calmo),Denso-C,7,train,1.8625761270523071,1.347884178161621,2.1169846057891846
2019 (calmo),Denso-C,7,dev,3.3119466304779053,2.711151361465454,3.324119806289673
2019 (calmo),Denso-C,7,test,3.024613380432129,2.712554931640625,2.9956612586975098
2019 (calmo),Persistencia,15,test,1.2605944871902466,0.9381685853004456,1.0598924160003662
2019 (calmo),Denso-A,15,train,3.900818347930908,3.370089530944824,6.090414524078369
2019 (calmo),Denso-A,15,dev,4.197699546813965,3.4582486152648926,4.244381904602051
2019 (calmo),Denso-A,15,test,4.676958084106445,4.231186389923096,4.68392276763916
2019 (calmo),Denso-B,15,train,2.4389355182647705,2.0500080585479736,3.6121017932891846
2019 (calmo),Denso-B,15,dev,3.6179425716400146,2.867105722427368,3.5683159828186035
2019 (calmo),Denso-B,15,test,3.124246835708618,2.7156424522399902,2.994354724884033
2019 (calmo),Denso-C,15,train,2.5349717140197754,2.226978063583374,4.027087688446045
2019 (calmo),Denso-C,15,dev,3.252387046813965,2.64284348487854,3.3211510181427
2019 (calmo),Denso-C,15,test,3.0608954429626465,2.568497657775879,2.835200071334839
2020 (COVID),Persistencia,3,test,3.1725666522979736,2.355203866958618,1.791757583618164
2020 (COVID),Denso-A,3,train,1.481004238128662,1.0079360008239746,1.4569063186645508
2020 (COVID),Denso-A,3,dev,0.9806380271911621,0.7139121294021606,0.8007370233535767
2020 (COVID),Denso-A,3,test,7.529938697814941,6.214313507080078,4.30740213394165
2020 (COVID),Denso-B,3,train,1.9407706260681152,1.4499902725219727,2.2455475330352783
2020 (COVID),Denso-B,3,dev,1.1000217199325562,0.8077155351638794,0.9040469527244568
2020 (COVID),Denso-B,3,test,6.297183036804199,5.113857746124268,3.6308414936065674
2020 (COVID),Denso-C,3,train,3.3580009937286377,2.8450381755828857,5.453442573547363
2020 (COVID),Denso-C,3,dev,1.5067085027694702,1.2327687740325928,1.3821666240692139
2020 (COVID),Denso-C,3,test,8.273457527160645,7.025259494781494,4.9050469398498535
2020 (COVID),Persistencia,7,test,3.1725666522979736,2.355203866958618,1.791757583618164
2020 (COVID),Denso-A,7,train,1.3541990518569946,0.913869321346283,1.3150328397750854
2020 (COVID),Denso-A,7,dev,0.9807349443435669,0.7343655228614807,0.8264942169189453
2020 (COVID),Denso-A,7,test,3.432061195373535,2.569556713104248,1.919415831565857
2020 (COVID),Denso-B,7,train,2.9603428840637207,2.3723225593566895,4.514785289764404
2020 (COVID),Denso-B,7,dev,1.116153597831726,0.8477749824523926,0.9535278081893921
2020 (COVID),Denso-B,7,test,4.194366455078125,3.1787002086639404,2.359487771987915
2020 (COVID),Denso-C,7,train,1.6663373708724976,1.315531611442566,2.188863515853882
2020 (COVID),Denso-C,7,dev,1.0113091468811035,0.7939661741256714,0.894398033618927
2020 (COVID),Denso-C,7,test,11.86701488494873,10.059988975524902,6.906578540802002
2020 (COVID),Persistencia,15,test,3.1725666522979736,2.355203866958618,1.791757583618164
2020 (COVID),Denso-A,15,train,1.5284287929534912,1.1021482944488525,1.6170610189437866
2020 (COVID),Denso-A,15,dev,0.9683751463890076,0.7540780305862427,0.847705066204071
2020 (COVID),Denso-A,15,test,3.6069366931915283,2.7557828426361084,2.0628581047058105
2020 (COVID),Denso-B,15,train,3.134242296218872,2.611593008041382,4.829533100128174
2020 (COVID),Denso-B,15,dev,1.3617887496948242,1.0659048557281494,1.1908162832260132
2020 (COVID),Denso-B,15,test,9.498980522155762,8.066337585449219,5.679734706878662
2020 (COVID),Denso-C,15,train,3.441365957260132,2.8357748985290527,5.449697971343994
2020 (COVID),Denso-C,15,dev,0.9649202823638916,0.7177366018295288,0.8066275119781494
2020 (COVID),Denso-C,15,test,8.639647483825684,6.697725772857666,4.639749050140381
2022 (bajista + split),Persistencia,3,test,3.9809370040893555,2.9431073665618896,2.370037794113159
2022 (bajista + split),Denso-A,3,train,5.123367786407471,4.3882341384887695,6.442616939544678
2022 (bajista + split),Denso-A,3,dev,3.2929768562316895,2.518791437149048,1.4623061418533325
2022 (bajista + split),Denso-A,3,test,5.855881214141846,4.666399002075195,3.9253551959991455
2022 (bajista + split),Denso-B,3,train,3.632567882537842,2.8022565841674805,4.565250396728516
2022 (bajista + split),Denso-B,3,dev,3.0733346939086914,2.340531826019287,1.3622324466705322
2022 (bajista + split),Denso-B,3,test,4.980720520019531,3.8753867149353027,3.157325029373169
2022 (bajista + split),Denso-C,3,train,6.15477991104126,4.725337028503418,8.267877578735352
2022 (bajista + split),Denso-C,3,dev,2.7185139656066895,1.9514135122299194,1.1298513412475586
2022 (bajista + split),Denso-C,3,test,5.325555324554443,4.06254243850708,3.34546160697937
2022 (bajista + split),Persistencia,7,test,3.9809370040893555,2.9431073665618896,2.370037794113159
2022 (bajista + split),Denso-A,7,train,1.9912759065628052,1.3190207481384277,1.3916038274765015
2022 (bajista + split),Denso-A,7,dev,2.847902774810791,2.1224632263183594,1.2348648309707642
2022 (bajista + split),Denso-A,7,test,4.377578258514404,3.3064777851104736,2.6919734477996826
2022 (bajista + split),Denso-B,7,train,4.067493438720703,2.9239697456359863,3.1174733638763428
2022 (bajista + split),Denso-B,7,dev,6.05228853225708,4.937175750732422,2.8886117935180664
2022 (bajista + split),Denso-B,7,test,9.463174819946289,7.552873611450195,6.169238567352295
2022 (bajista + split),Denso-C,7,train,4.136916637420654,3.371615409851074,5.055582046508789
2022 (bajista + split),Denso-C,7,dev,3.8116226196289062,2.8396501541137695,1.6585314273834229
2022 (bajista + split),Denso-C,7,test,6.565628528594971,5.039859294891357,4.094393253326416
2022 (bajista + split),Persistencia,15,test,3.9809370040893555,2.9431073665618896,2.370037794113159
2022 (bajista + split),Denso-A,15,train,2.2370898723602295,1.5348213911056519,1.6766465902328491
2022 (bajista + split),Denso-A,15,dev,3.0921967029571533,2.3747949600219727,1.3810539245605469
2022 (bajista + split),Denso-A,15,test,4.968743801116943,3.877054214477539,3.179598569869995
2022 (bajista + split),Denso-B,15,train,4.083537578582764,3.1792409420013428,3.95458722114563
2022 (bajista + split),Denso-B,15,dev,7.1013503074646,6.3235039710998535,3.6520230770111084
2022 (bajista + split),Denso-B,15,test,6.301841735839844,4.877793788909912,3.9797537326812744
2022 (bajista + split),Denso-C,15,train,3.7650833129882812,3.154372215270996,4.166784286499023
2022 (bajista + split),Denso-C,15,dev,3.184540271759033,2.384706497192383,1.3892384767532349
2022 (bajista + split),Denso-C,15,test,7.089943885803223,5.661276817321777,4.602455139160156
2024 (recuperacion),Persistencia,3,test,3.2664754390716553,2.428610324859619,1.3157293796539307
2024 (recuperacion),Denso-A,3,train,2.482722759246826,1.625301480293274,1.5089824199676514
2024 (recuperacion),Denso-A,3,dev,2.482494354248047,1.9096499681472778,1.4997481107711792
2024 (recuperacion),Denso-A,3,test,3.305426836013794,2.4537205696105957,1.3288516998291016
2024 (recuperacion),Denso-B,3,train,5.66853666305542,4.557009220123291,5.888077259063721
2024 (recuperacion),Denso-B,3,dev,3.5381956100463867,2.7965447902679443,2.165712356567383
2024 (recuperacion),Denso-B,3,test,10.987443923950195,9.886404037475586,5.228549003601074
2024 (recuperacion),Denso-C,3,train,3.1240808963775635,2.3376505374908447,2.226259231567383
2024 (recuperacion),Denso-C,3,dev,3.245465040206909,2.550902843475342,1.9799901247024536
2024 (recuperacion),Denso-C,3,test,4.392022132873535,3.4768741130828857,1.8866604566574097
2024 (recuperacion),Persistencia,7,test,3.2664754390716553,2.428610324859619,1.3157293796539307
2024 (recuperacion),Denso-A,7,train,2.5832269191741943,1.7303296327590942,1.6092170476913452
2024 (recuperacion),Denso-A,7,dev,2.559004306793213,1.979441523551941,1.555449366569519
2024 (recuperacion),Denso-A,7,test,4.020679473876953,3.1059041023254395,1.6648226976394653
2024 (recuperacion),Denso-B,7,train,4.580592632293701,3.4334046840667725,4.258901119232178
2024 (recuperacion),Denso-B,7,dev,3.393587112426758,2.5684523582458496,2.007476806640625
2024 (recuperacion),Denso-B,7,test,6.923942565917969,5.594432353973389,2.9586126804351807
2024 (recuperacion),Denso-C,7,train,3.9545562267303467,3.2509937286376953,3.7074155807495117
2024 (recuperacion),Denso-C,7,dev,3.21063232421875,2.5072834491729736,1.9811643362045288
2024 (recuperacion),Denso-C,7,test,10.366116523742676,9.177830696105957,4.815296173095703
2024 (recuperacion),Persistencia,15,test,3.2664754390716553,2.428610324859619,1.3157293796539307
2024 (recuperacion),Denso-A,15,train,2.660064458847046,1.8242530822753906,1.743095874786377
2024 (recuperacion),Denso-A,15,dev,2.6799840927124023,2.0861475467681885,1.625288963317871
2024 (recuperacion),Denso-A,15,test,3.478883981704712,2.5932881832122803,1.408164620399475
2024 (recuperacion),Denso-B,15,train,6.403164863586426,5.150203227996826,6.0893235206604
2024 (recuperacion),Denso-B,15,dev,4.784640789031982,3.995955467224121,2.979022741317749
2024 (recuperacion),Denso-B,15,test,13.003594398498535,12.197304725646973,6.502591609954834
2024 (recuperacion),Denso-C,15,train,5.885385036468506,5.154343128204346,6.318597316741943
2024 (recuperacion),Denso-C,15,dev,3.720209836959839,2.784475564956665,2.2374727725982666
2024 (recuperacion),Denso-C,15,test,13.729105949401855,12.423027992248535,6.522643566131592
